Tweet,Label
motor vehicle accident sunnyvale st e overton rd en23 380044 1758 c,S
accident left lane blocked grandprairie 360 nb brown blvd stop go traffic back 30 delay 4 mins dfwtraffic,S
central division responding 07 minor accident 2200 blk ross ave beat 132 1718,S
accident far left right lanes blocked dallas 635 lbj fwy wb midway rd stop go traffic back dallas n tollway,S
accident right lane blocked dallas 635 lbj fwy wb midway rd stop go traffic back dallas n tollway delay 3 mins,S
motor vehicle accident forest ln hillcrest rd en22 220015 1748 c,S
plus unlike car wreck possibilities someone dying accident wasssss scrap bottom lmao,N
duck boat owner settles missouri family deadly accident htm,N
motor vehicle accident walnut st whispering hills dr en29 290022 1738 c,S
motor vehicle accident n walton walker blvd nbw northwest hwy en47 430044 1738 c,S
motor vehicle accident l b j fwy wb midway rd en20 200029 1738 c,S
accident exit blocked grandprairie 20 eb fm 1382 stop go traffic back hwy 161 bush tnpke delay 7 mins dfwtraffic,S
motor vehicle accident dixie ln ash creek dr en31 310016 1728 c,S
motor vehicle accident racine dr deerwood dr en40 460293 1728 c,S
accident right lane blocked dallas 20 wb houston school rd stop go traffic back 45 delay 14 mins dfwtraffic,S
accident cleared irving 114 eb bush tnpke stop go traffic back belt line rd delay 5 mins dfwtraffic,S
motor vehicle accident 11500 ferguson rd en39 390898 1718 c,S
woke nap accident right yard another one happen two days ago people really got ta pay attention driving phones eyes road,N
accident cleared dallas 635 lbj fwy eb greenville ave stop go traffic back coit rd hov ln entrance delay 7 mins,S
motor vehicle accident l b j fwy wb r l thornton fwy sb en46 460261 1708 c,S
haha another streaming site found app accident hes small gang friends trying pull heist truck filled gold bars really funny,N
accident hov lane blocked irving 114 eb bush tnpke stop go traffic back belt line rd delay 5 mins dfwtraffic,S
accident cleared grandprairie 360 sb brown blvd stop go traffic back carrier pky delay 1 min dfwtraffic,S
motor vehicle accident n jim miller rd military pkwy en32 320054 1658 c,S
accident left lane blocked dallas 635 lbj fwy eb greenville ave stop go traffic back coit rd hov ln entrance dfwtraffic,S
accident right lane blocked dallas 635 lbj fwy eb greenville ave stop go traffic back coit rd hov ln entrance dfwtraffic,S
injured car accident appropriate team medical providers assigned care essential appropriate quarterback running said team crucial php storyfbid2214171801938941id257973584225449,N
accident cleared grandprairie hwy 161 bush tnpke sb w marshall dr stop go traffic back w jefferson st delay 3 mins,S
motor vehicle accident n stemmons acrd nb walnut hill ln en35 470350 1638 c,S
motor vehicle accident cockrell hill rd sun valley dr en49 400421 1638 c,S
accident grandprairie hwy 161 bush tnpke sb w marshall dr stop go traffic back w jefferson st delay 3 mins dfwtraffic,S
motor vehicle accident 900 w camp wisdom rd en49 460304 1628 c,S
motor vehicle accident w clarendon dr zang blvd en33 330072 1628 c,S
accident cleared dallas 75 sb woodall rogers frwy stop go traffic back nw hwy delay 14 mins dfwtraffic,S
ah oh proud keeping calm sorry accident happened im glad everyone okay tho,N
central division responding 7x major accident 5300 blk e mockingbird ln beat 141 1616,S
accident cleared richardson 75 nb spg vly rd stop go traffic back 635 lbj frwy delay 5 mins dfwtraffic,S
accident right lane getting dallas 75 sb woodall rogers frwy stopped traffic back nw hwy delay 40 mins,S
motor vehicle accident l b j fwy eb josey ln en30 300183 1618 c,S
wish bank america would waiver late fee accident first late fee ever im sad,N
accident right lane getting dallas 75 sb woodall rogers frwy stopped traffic back lovers ln dfwtraffic,S
motor vehicle accident 2900 w camp wisdom rd en40 490002 1608 c,S
motor vehicle accident 5300 e mockingbird ln en08 370004 1608 c,S
central division responding 7xf major accident freeway 2000 blk n central expy sb beat 132 1601,S
accident cleared richardson 75 nb galatyn pkwy stop go traffic back n collins blvd delay 3 mins dfwtraffic,S
motor vehicle accident 400 n 45 expy sb en03 030004 1548 c,S
accident right shoulder blocked richardson 75 nb spg vly rd stop go traffic back 635 lbj frwy delay 5 mins,S
accident right lane blocked richardson 75 nb galatyn pkwy stop go traffic back n collins blvd delay 3 mins,S
motor vehicle accident 700 w illinois ave en15 330044 1528 c,S
tell walking home people front walking slow made walk directly eight behind accident bc im fast walker one turn go following us like u shitting smskeksk,N
central division responding 07 minor accident beacon st lindsley ave beat 113 1516,S
motor vehicle accident hudspeth ave garrison st en38 380028 1518 c,S
motor vehicle accident walnut hill ln n central serv nb en37 370080 1508 c,S
motor vehicle accident 12200 coit rd en22 220027 1508 c,S
motor vehicle accident preston rd lloyd dr en13 130306 1508 c,S
power armor thankfully total accident weird dream hes major contributor began streaming first place,N
accident right lane blocked grandprairie 360 sb brown blvd stop go traffic back carrier pky delay 1 min dfwtraffic,S
roothelps joinroot 21 days since car accident car sitting collision center sent damage estimate 10 days ago unable reach adjuster customer service next steps via emailphone maybe vacation due thanksgiving please help resolve,N
motor vehicle accident cromwell dr royal ln en02 300106 1438 c,S
motor vehicle accident w northwest hwy chapel valley rd en35 210029 1428 c,S
motor vehicle accident audelia rd walnut st en29 290040 1418 c,S
want send special prayer paul wall last night involved serious car accident able walk away also lil paul son thanks utmsourceigtwittershareigshid1idyttwwzoekd,N
central division responding 7x major accident live oak st n harwood st beat 132 1405,S
review reduce collision accidents near shippingreceiving areas,N
central division responding 7x major accident tenison pkwy east grand ave beat 111 1336,S
motor vehicle accident 0 east grand ave tenison pkwy en19 190033 1328 c,S
accident cleared dallas 635 lbj fwy eb greenville ave stop go traffic back blvd delay 2 mins dfwtraffic,S
got black drunk drove dallas instead coming home accident left card bar fuck,N
accident left lane getting dallas 635 lbj fwy eb greenville ave stop go traffic back blvd dfwtraffic,S
meet one accident,N
accident cleared arlington 20 eb bowen rd stop go traffic back park springs blvd delay 3 mins dfwtraffic,S
accident right lane blocked dallas 635 lbj fwy eb greenville ave stop go traffic back blvd delay 4 mins,S
motor vehicle accident jupiter rd mccree rd en48 480069 1248 c,S
bro really ive 8 accidents people scared get car ill never understand,N
freak accident black mass waiting goldie bruh,N
motor vehicle accident l b j serv eb montfort dr en20 200035 1238 c,S
central division responding 07 minor accident skillman st live oak st beat 144 1228,S
central division responding 07 minor accident 6000 blk belmont ave beat 144 1229,S
motor vehicle accident marburg st colonial ave en24 240041 1228 c,S
motor vehicle accident 7500 inwood rd en27 420075 1228 c,S
18 wheeler accident right shoulder blocked arlington 20 eb bowen rd stop go traffic back park springs blvd dfwtraffic,S
18 wheeler accident left shoulder blocked arlington 20 eb bowen rd stop go traffic back park springs blvd dfwtraffic,S
accident left shoulder blocked arlington 20 eb bowen rd stop go traffic back park springs blvd delay 6 mins,S
accident cleared rockwall 30 wb rdg rd horizon rd stop go traffic back fm551 delay 18 mins dfwtraffic,S
motor vehicle accident zang blvd w page ave en15 150006 1208 c,S
important proper emergency tools car case flat tire accident breakdown roadside emergency include spare tire jack scissors owners manual tool box flares fuses sealant small leaks tires empty gas,N
motor vehicle accident 13700 dallas pkwy en20 200051 1158 c,S
central division responding 07 minor accident 2000 blk mcmillan ave beat 143 1145,S
20 years crain lewis brogdon llp helping people seek justice compensation auto accident injuries results show free case review contact us 214 3015007 anytime via,N
motor vehicle accident l b j fwy eb greenville ave en22 280050 1138 c,S
south central supervisor responding 7x major accident 8600 blk hampton rd beat 745 1122,S
motor vehicle accident 8600 hampton rd en49 400336 1128 c,S
accident rockwall 30 wb rdg rd dfwtraffic,S
central division responding 7ce city equipment accident n hall st main st beat 153 1108,S
central division responding 07 minor accident 3500 blk edgewater st beat 125 1104,S
motor vehicle accident n buckner blvd e r l thornton fwy wb en53 530073 1108 c,S
actually read give rosie benefit doubt accident yet say dinesh absolutely purpose nefariously nobody including dinesh saying didnt break law point nobody ever thrown prison,N
believe least 1 following taxation theft street drug dealing bad traffic sucks road construction terrible car accidents problem think agree streets roads common denominator abolished,N
accident cleared 35e nb wheatland rd dfwtraffic,S
accident 35e nb wheatland rd dfwtraffic,S
accident cleared dallas 75 sb smu blvd stop go traffic back 635 lbj frwy delay 16 mins dfwtraffic,S
accident cleared forney hwy 80 wb clements dr stop go traffic back fm740 delay 5 mins dfwtraffic,S
every day dallas car accident lawyers see people city get behind wheel car assume arrive destination without involved accident,N
accident cleared dallas dallas n tollway nb royal ln stop go traffic back lovers ln delay 8 mins dfwtraffic,S
accident cleared dallas 635 lbj fwy wb skillman st stop go traffic back kingsley rd delay 7 mins dfwtraffic,S
accident right lane blocked dallas 75 sb smu blvd stop go traffic back 635 lbj frwy delay 16 mins dfwtraffic,S
motor vehicle accident walnut st whispering hills dr en29 290022 0948 c,S
accident waiting happen pictwittercomnjtlhh1i14,N
accident left lane blocked dallas dallas n tollway nb royal ln stop go traffic back lovers ln delay 8 mins,S
accident hov lane blocked dallas 635 lbj fwy wb skillman st stop go traffic back kingsley rd delay 7 mins dfwtraffic,S
accident cleared duncanville hwy 67 nb approaching main st stop go traffic back joe wilson rd delay 4 mins dfwtraffic,S
central division responding 7xf major accident freeway n central expy sb e mockingbird ln beat 141 0931,S
accident right lane blocked dallas 75 sb smu blvd stop go traffic back nw hwy delay 4 mins dfwtraffic,S
accident cleared dallas 75 nb mockingbird ln stop go traffic back 30 delay 13 mins dfwtraffic,S
accident cleared balchsprings 635 lbj fwy nb lk june rd stop go traffic back elam rd delay 3 mins dfwtraffic,S
motor vehicle accident n central expy sbe mockingbird ln en17 370004 0928 c,S
motor vehicle accident l b j fwy wb forest ln en57 570119 0928 c,S
accident left lane blocked dallas dallas n tollway nb royal ln dfwtraffic,S
success accident success progressive realization worthy ideal episcopus success lifequotes lawrencekennedy motivationalquotes inspirationalquotes wisdom pictwittercomydzk07wag4,N
motor vehicle accident dallas north tollway nb walnut hill ln en27 410003 0908 c,S
accident forney hwy 80 wb clements dr stop go traffic back fm740 delay 10 mins dfwtraffic,S
18 wheeler accident two right lanes blocked balchsprings 635 lbj fwy nb lk june rd stop go traffic back elam rd,S
accident right lane blocked balchsprings 635 lbj fwy nb lk june rd stop go traffic back elam rd delay 3 mins,S
motor vehicle accident n westmoreland rd singleton blvd en36 360016 0858 c,S
accident forney hwy 80 wb clements dr stop go traffic back fm740 delay 10 mins dfwtraffic,S
accident right lane blocked balchsprings 635 lbj fwy nb lk june rd dfwtraffic,S
accident duncanville hwy 67 nb approaching main st stop go traffic back joe wilson rd delay 4 mins dfwtraffic,S
accident forney hwy 80 wb clements dr stop go traffic back fm740 delay 5 mins dfwtraffic,S
accident duncanville hwy 67 nb main st stop go traffic back joe wilson rd delay 4 mins dfwtraffic,S
probably cold walked accident,N
accident cleared farmersbranch 635 lbj fwy eb approaching luna rd stop go traffic back belt line rd delay 13 mins,S
motor vehicle accident 200 us hwy 67 nb tr40 400280 0838 c,S
know think simplifying suddenness car accident isnt really matrix trey time blocker loses blink eye isnt time look,N
accident mesquite 635 lbj fwy nb military pky stop go traffic back bruton rd delay 4 mins dfwtraffic,S
leave alone clicked accident someones account posted,N
motor vehicle accident walnut hill ln dallas north tollway sb en41 410003 0828 c,S
accident right lane blocked dallas 75 nb mockingbird ln stop go traffic back 30 delay 18 mins dfwtraffic,S
accident cleared dallas 635 lbj texpress wb dallas n tollway stop go traffic back 75 delay 11 mins dfwtraffic,S
seen people block home die accident block home seatbelt,N
accident right lane blocked dallas 75 nb mockingbird ln dfwtraffic,S
closed due accident dallas 635 lbj texpress wb dallas n tollway welch rd stopped traffic back 75 delay 17 mins,S
motor vehicle accident n central expy nb e lovers ln en08 370018 0808 c,S
closed due accident dallas 635 lbj texpress wb dallas n tollway welch rd stopped traffic back 75 dfwtraffic,S
accident two left lanes blocked farmersbranch 635 lbj fwy eb approaching luna rd stop go traffic back belt line rd,S
motor vehicle accident l b j fwy eb valley view ln en02 020065 0758 c,S
motor vehicle accident gaston ave cambria blvd en17 170016 0758 c,S
accident two left lanes blocked farmersbranch 635 lbj fwy eb approaching luna rd stop go traffic back macarthur blvd,S
central division responding 7ce city equipment accident 800 blk mckee st beat 151 0744,S
motor vehicle accident e illinois ave lamont ave en23 230014 0748 c,S
accident reported farmersbranch 635 lbj fwy eb approaching luna rd stop go traffic back macarthur blvd delay 9 mins,S
accident cleared richardson 75 sb belt line rd stop go traffic back hwy 190 delay 15 mins dfwtraffic,S
accident farmersbranch 635 lbj fwy eb approaching luna rd stop go traffic back macarthur blvd delay 9 mins dfwtraffic,S
accident cleared arlington 30 eb approaching 360 stop go traffic back cooks ln delay 21 mins dfwtraffic,S
accident cleared dallas 635 lbj fwy wb jupiter rd stop go traffic back centerville delay 7 mins dfwtraffic,S
accident cleared grapevine 360 nb approaching e glade rd stop go traffic back e ash ln delay 5 mins dfwtraffic,S
accident hov left lanes blocked richardson 75 sb belt line rd stop go traffic back hwy 190 delay 17 mins,S
accident two left lanes blocked dallas 635 lbj texpress wb dallas n tollway stop go traffic back 75 delay 11 mins,S
accident dallas 635 lbj fwy wb dallas n tollway stop go traffic back 75 central expwy delay 10 mins dfwtraffic,S
accident reported arlington 30 eb approaching 360 stop go traffic back cooks ln delay 21 mins dfwtraffic,S
accident reported arlington 30 eb 360 stop go traffic back cooks ln delay 21 mins dfwtraffic,S
accident right lane getting grapevine 360 nb approaching e glade rd stop go traffic back e ash ln delay 12 mins,S
accident left lane blocked dallas 635 lbj fwy wb jupiter rd stop go traffic back centerville delay 11 mins,S
accident hov left lanes blocked richardson 75 sb belt line rd stop go traffic back renner rd delay 16 mins,S
accident cleared dallas 20 wb spur 408 stop go traffic back hwy 67 delay 13 mins dfwtraffic,S
accident cleared mesquite 20 wb fm740 dfwtraffic,S
accident hov left lanes blocked richardson 75 sb belt line rd stop go traffic back renner rd delay 13 mins,S
accident right lane getting grapevine 360 nb approaching e glade rd stop go traffic back e ash ln delay 5 mins,S
accident reported mesquite 20 wb fm740 dfwtraffic,S
accident richardson 75 sb belt line rd stop go traffic back renner rd delay 13 mins dfwtraffic,S
motor vehicle accident l b j texpress wb hillcrest rd en57 220041 0648 c,S
accident right lane blocked dallas 20 wb spur 408 stop go traffic back hwy 67 delay 17 mins dfwtraffic,S
motor vehicle accident central serv nb e lovers ln en37 370018 0638 c,S
accident cleared dallas 635 lbj fwy wb park central dr stop go traffic back blvd delay 5 mins dfwtraffic,S
accident right lane blocked dallas 20 wb spur 408 stop go traffic back main st delay 8 mins dfwtraffic,S
accident cleared dallas 30 wb haskell ave stop go traffic back jim miller rd delay 12 mins dfwtraffic,S
accident reported dallas 20 wb spur 408 stop go traffic back main st delay 10 mins dfwtraffic,S
accident reported dallas 20 wb spur 408 stop go traffic back cedar rdg dr delay 5 mins dfwtraffic,S
motor vehicle accident l b j fwy wb spur 408 nb en12 120772 0628 c,S
motor vehicle accident churchill way hillcrest rd en22 220032 0628 c,S
accident two right lanes blocked dallas 30 wb haskell ave stop go traffic back jim miller rd delay 16 mins,S
accident two right lanes blocked dallas 30 wb haskell ave stop go traffic back dolphin rd delay 8 mins dfwtraffic,S
accident left lane blocked dallas 30 wb haskell ave stop go traffic back dolphin rd delay 6 mins dfwtraffic,S
motor vehicle accident e r l thornton fwy wb munger blvd en19 190019 0618 c,S
accident two right lanes blocked dallas 635 lbj fwy wb park central dr stop go traffic back blvd delay 10 mins,S
accident cleared grapevine 121 sb approaching 635 lbj frwy stop go traffic back fm 2499 delay 5 mins dfwtraffic,S
accident two right lanes blocked dallas 635 lbj fwy wb park central dr stop go traffic back 75 central expwy dfwtraffic,S
accident two right lanes blocked dallas 635 lbj fwy wb park central dr stop go traffic back coit rd delay 4 mins,S
accident cleared dallas 35e nb 8th st stop go traffic back kiest blvd delay 11 mins dfwtraffic,S
accident moved right shoulder dallas 35e nb 8th st stop go traffic back kiest blvd delay 13 mins dfwtraffic,S
motor vehicle accident 6700 l b j fwy wb en22 220051 0558 b,S
accident reported grapevine 121 sb approaching 635 lbj frwy stop go traffic back fm 2499 delay 5 mins dfwtraffic,S
accident moved right shoulder dallas 35e nb 8th st stop go traffic back beckley ave delay 5 mins dfwtraffic,S
accident moved right lane dallas 35e nb 8th st stop go traffic back beckley ave delay 3 mins dfwtraffic,S
accident left lane blocked dallas 35e nb 8th st stop go traffic back beckley ave delay 5 mins dfwtraffic,S
accident left lane blocked dallas 35e nb 8th st stop go traffic back beckley ave delay 3 mins dfwtraffic,S
accident left shoulder blocked dallas 35e nb 8th st stop go traffic back marsalis ave delay 2 mins dfwtraffic,S
accident left lane blocked dallas 35e nb 8th st stop go traffic back marsalis ave delay 2 mins dfwtraffic,S
accident reported dallas 35e nb 8th st stop go traffic back marsalis ave delay 2 mins dfwtraffic,S
accident cleared lancaster 35e sb parkerville rd stop go traffic back belt line rd delay 3 mins dfwtraffic,S
closed due accident lancaster 35e sb parkerville rd stopped traffic back belt line rd dfwtraffic,S
closed due accident lancaster 35e sb parkerville rd dfwtraffic,S
conseiller en dommages corporels 24 heures sur 24 avocat consultation service avocats greycliff mt 59033 cirugia de hernia de disco lumbar l5 s1 les accidents de vhicules dans le montana sont une ralit de la vie lchelle nationale plus,N
motor vehicle accident 36400 l b j fwy wb en54 250286 0428 b,S
motor vehicle accident l b j acrd wb r l thornton fwy sb en46 460268 0428 b,S
motor vehicle accident 3700 r l thornton fwy sb en33 460346 0358 b,S
accident two right lanes blocked dallas 75 sb 635 lbj frwy dfwtraffic,S
oh carrying dog apartmentcondo front door outside attempts let walk result accidents way youre dog owner whose dog soils premises got ta clean puppy pee lot,N
central division responding 07 minor accident gaston ave n good latimer expy beat 153 0021,S
journe mondiale des accidents vasculaires crbraux 2018 cur des causes causales crbrales danoxie dore je suis n avec un anormal cur soupape nous dit il quelques annes que jaurais besoin dun remplaant deux semaines avant,N
motor vehicle accident n central serv sb l b j fwy wb en22 220045 2348 b,S
lyft need report lyft driver driving recklessly almost causing accident license plate number dont want post publicly someone please dm asap,N
human including god talks say lot accident without realizing people perceive,N
suck dick accident bahanahhahaha pictwittercom44djgpb9u1,N
motor vehicle accident 9800 ferguson rd en53 530159 2208 b,S
motor vehicle accident spring valley rd coit rd bc04 560015 2158 b,S
understood likely matthews boarding pass came bag put accident said appreciate making us aware nicole,N
thank statefarm yall kindly giving sports agent commercials shove patrick lil tougher id still like see sports agent get hit accident course,N
one tragic event accident etc ive started say one thing make feel better im somehow helping feeling cant kick somewhere somehow capacity earth carries certain spirituality,N
motor vehicle accident 6700 r l thornton fwy sb en46 460318 2028 b,S
annoying thank god able pull get accident,N
accident right lane blocked dallas 35e sb kiest blvd stop go traffic back illinois ave delay 3 mins dfwtraffic,S
motor vehicle accident highland rd ferguson rd en53 530066 2018 b,S
motor vehicle accident r l thornton fwy sb w kiest blvd en33 460348 2018 b,S
accident two right lanes blocked dallas 30 wb cesar chavez blvd stop go traffic back munger blvd delay 7 mins,S
ok killed old ones dunno got two sorcermons accident whoops pictwittercomy8dt0wgk6g,N
motor vehicle accident e r l thornton fwy wb cesar chavez ramp nb en04 040022 1958 b,S
motor vehicle accident n pearl st cedar springs rd en03 180022 1958 b,S
motor vehicle accident eastridge dr skillman st en37 370044 1958 b,S
accident left lane getting dallas 30 wb cesar chavez blvd stop go traffic back munger blvd dfwtraffic,S
accident two right lanes blocked dallas 30 wb cesar chavez blvd stop go traffic back munger blvd delay 7 mins,S
accident left lane getting dallas woodall rodgers wb pearl st stop go traffic back 75 central expwy,S
omg accident tryna get internet sorry syd,N
accident two right lanes blocked dallas woodall rodgers wb pearl st stop go traffic back 75 central expwy dfwtraffic,S
motor vehicle accident pemberton hill rd great trinity forest way en34 340015 1838 b,S
motor vehicle accident woodall rodgers fwy eb n stemmons fwy sb en01 180013 1838 b,S
accident waiting happen,N
accident two right lanes blocked dallas 75 nb meadow rd stop go traffic back lovers ln delay 12 mins dfwtraffic,S
northwest supervisor responding 7x major accident w mockingbird ln inwood rd beat 523 1806,S
accident waiting happen,N
accident reported dallas 75 nb royal ln stop go traffic back nw hwy delay 6 mins dfwtraffic,S
motor vehicle accident maple ave denton dr cut en11 420004 1818 b,S
motor vehicle accident tracy rd simpson stuart rd en54 540475 1818 b,S
motor vehicle accident n central expy sb royal ln en22 370090 1818 b,S
probably dont improve 3 theres 13rd chance accident happens middle road disruptive even happens sides people slow look accident emergency vehicles block lanes,N
practice cars go fast slowest car highway 1 merging causes slowdowns 2 accidents stop traffic together 3 add second lane solve 1 mitigate 2 sort improve 3 accident increases merging slows,N
checked still tied drivers license important everyone friend wouldnt thought accident small town mayor needed transplant theyd make sure didnt survive,N
accident two left lanes blocked sedallas 20 wb bonnie view rd stop go traffic back hwy 310 delay 5 mins dfwtraffic,S
accident left lane blocked sedallas 20 wb bonnie view rd stop go traffic back hwy 310 delay 5 mins dfwtraffic,S
u guys might think exaggeration isnt four minutes bought cricket got car accident lmaoo,N
accident left lane blocked sedallas 20 wb bonnie view rd stop go traffic back 45 delay 4 mins dfwtraffic,S
motor vehicle accident l b j fwy eb lancaster rd en46 460274 1728 b,S
northeast supervisor responding 7x major accident ferguson rd shiloh rd beat 226 1655,S
mkbhd plans dashcam review video accident pictwittercom6axfmdizqz,S
want die tried tag malaamusic video tumblr app tagged malala yousafzai accident oh god,N
motor vehicle accident ferguson rd shiloh rd en39 390778 1648 b,S
central division responding 07 minor accident n central expy sb n haskell ave beat 143 1628,S
weekend college threw two parties accident mfs started showing like well guess better get bottles fall asleep 830 every night watching daughters new favorite show octonauts,N
motor vehicle accident 3300 maryland ave en23 330018 1618 b,S
motor vehicle accident 3200 palo alto dr en54 540438 1608 b,S
authorities respond street racing accident dentoncounty tiesrespondtostreetracingaccidentindentoncounty pictwittercomk4rzfi4lxo,N
motor vehicle accident pine st central serv nb en24 240047 1548 b,S
motor vehicle accident 6400 lake june rd en34 340087 1548 b,S
cbs dallas authorities respond street racing accident denton county dallas,N
want vent someone shit deal shouldve died back 2016 car accident never wear seatbelt fucking day,N
motor vehicle accident 1600 w camp wisdom rd en46 400415 1528 b,S
motor vehicle accident e illinois ave lamont ave en23 230014 1518 b,S
motor vehicle accident 45 ramp sb e r l thornton ramp wb en04 040025 1518 b,S
pewdiepie 11 hours 48 minutes mrbeastyt spoke nothing nameand logan pauls twice accident hes committed,N
think spoiled tink accident,N
everyone mama decided get accident 35 today,N
central division responding 7xf major accident freeway n central expy sb n hall st beat 132 1426,S
accident two right lanes blocked dallas 75 sb hall st stop go traffic back fitzhugh delay 2 mins dfwtraffic,S
accident dallas 75 sb hall st stop go traffic back fitzhugh delay 2 mins dfwtraffic,S
accident two right lanes blocked dallas 35e sb continental ave stop go traffic back market ctr blvd delay 5 mins,S
motor vehicle accident n central expy sb n hall st en11 180031 1418 b,S
triple headed inorganic alien ordinary puppet used entertain galactic television could debut massive accident caused tragic blow utmsourceigtwittershareigshidfai72ssc8pws,N
motor vehicle accident 200 n stemmons fwy nb en04 180008 1408 b,S
swear wanting get dominated let nigga talk slick get slick back accident,N
motor vehicle accident 2000 r l thornton fwy sb en14 330057 1318 b,S
motor vehicle accident skillman st walnut hill ln en57 570010 1318 b,S
last year dated girl burned cd songs would sing gon na give christmas broke accident thanksgiving,N
motor vehicle accident winters st marsalis ave en15 150003 1258 b,S
closed due accident irving lp 12 walton walker sb irving blvd shady grove rd dfwtraffic,S
latest snowrelated accidents close i80 nebraska arly500flightscanceledduewinterstorm161730014htmlsocsrchlviewersoctrktw via yahoonews,S
motor vehicle accident n walton walker blvd sb dallas ft worth tpke wb en16 160035 1228 b,S
motor vehicle accident willow ln preston rd en20 200008 1228 b,S
accident blocking two right lanes irving lp 12 sb near singleton blvd dfwtraffic,S
accident blocks right lane ramp eb woodall rogers dallas 35e sb woodall rogers frwy dfwtraffic,S
motor vehicle accident n stemmons ramp nb woodall rodgers fwy wb en04 180013 1208 b,S
like texas worst nightmare unregulated refineries employees work garbage wages theres inevitable accident,N
motor vehicle accident n cockrell hill rd dallas ft worth serv wb en16 500430 1138 b,S
motor vehicle accident harry hines blvd w northwest hwy en43 430034 1118 b,S
motor vehicle accident marvin love serv nb cliff creek crossing dr en54 400379 1108 b,S
accident right lane blocked dallas 35e sb beckley ave stop go traffic back hwy 67 delay 2 mins dfwtraffic,S
31 dead ugandan boat accident toll expected rise associated press via nyt htmlpartnerifttt,N
motor vehicle accident 7400 hunnicut rd en19 190028 1038 b,S
gas yesterday accident rocks thrown outside stadium like game talking yeah shitty way analyze situation qualifying poor analysis,N
guess people going die wherever men women committed killing one one another climate disease old age accidents name people going die,N
dallas major accident c f hawn freeway us 175 silverado dr eng 9 requesting 1 additional micutotal 2 reporting cpr progress,S
motor vehicle accident c f hawn acrd eb closed c f hawn serv en24 240034 0938 b,S
motor vehicle accident c f hawn fwy eb silverado dr en09 090837 0938 b,S
motor vehicle accident walnut hill ln fieldcrest dr en57 570013 0758 b,S
ugh black man points gun officers gets shot people protesting black girl hit car driver stops accident protesting bullshit,N
accident blocking three right lanes garland 635 lbj fwy sb garland rd dfwtraffic,S
motor vehicle accident 2500 n prairie creek rd en05 050131 0618 b,S
motor vehicle accident pres george bush tpke nb frankford rd en10 100161 0508,S
accident left lane blocked arlington 360 sb six flags dr dfwtraffic,S
central supervisor responding 7x major accident elm st n lamar st beat 131 0339,S
accident exit ramp closed dallas 30 wb dolphin rd dfwtraffic,S
accident two right lanes blocked dallas 30 eb dolphin rd dfwtraffic,S
motor vehicle accident 5700 e r l thornton fwy eb en19 190022 0358,S
central division responding 7x major accident elm st n lamar st beat 131 0339,S
civilian murdered someone accident would considered manslaughter police murdered innocent man saw black quick trigger finger considered unfortunate accident,N
motor vehicle accident manana dr harry hines blvd en35 430095 0338,S
central division responding 07 minor accident penrose ave greenville ave beat 142 0328,S
motor vehicle accident belt line rd spring creek rd en56 560058 0318,S
motor vehicle accident w northwest hwy spangler rd en43 430058 0318,S
motor vehicle accident w camp wisdom rd hampton rd en40 400413 0308,S
motor vehicle accident 8100 elkton cir en51 340023 0308,S
motor vehicle accident dallas north tollway nb frankford rd en07 100196 0308,S
motor vehicle accident elm st n lamar st en18 180009 0308,S
central supervisor responding 7x major accident main st pearl expy beat 134 0243,S
accident two left lanes blocked grandprairie 20 wb hwy 161 bush tnpke dfwtraffic,S
central division responding 7x major accident main st pearl expy beat 134 0243,S
northwest supervisor responding 7x major accident 2900 blk w northwest hwy beat 537 0237,S
central division responding 7x major accident 5200 blk vickery blvd beat 143 0216,S
motor vehicle accident 12300 ravenview rd en09 090866 0148,S
motor vehicle accident r l thornton acrd sb w ledbetter dr en46 330001 0148,S
motor vehicle accident n westmoreland rd canada dr en47 360041 0128,S
motor vehicle accident 5200 vickery blvd en11 080032 0118,S
central division responding 7x major accident 3800 blk grand ave beat 115 0112,S
motor vehicle accident l b j serv wb kirnwood dr en49 400364 0048,S
motor vehicle accident e illinois ave maryland ave en23 330049 0048,S
closed due accident dallas 635 lbj fwy eb skillman st stopped traffic back forest ln dfwtraffic,S
motor vehicle accident e r l thornton fwy eb st francis ave en32 530040 0038,S
central division responding 7x major accident n fitzhugh ave abbott ave beat 125 0028,S
central division responding 7x major accident commerce st ervay st beat 134 0029,S
central supervisor responding 7x major accident commerce st ervay st beat 134 0029,S
neither confirm deny asking architects make center look like oklahoma happy little accidents enjoyable rocky,N
motor vehicle accident n fitzhugh ave abbott ave en11 110036 0028,S
motor vehicle accident 3800 grand ave en03 060044 0028,S
accident two right lanes blocked dallas 635 lbj fwy eb skillman st stop go traffic back forest ln delay 3 mins,S
accident two right lanes blocked dallas 635 lbj fwy eb skillman st stop go traffic back abrams rd delay 4 mins,S
accident hov lane getting dallas 635 lbj fwy eb skillman st stop go traffic back greenville ave delay 6 mins,S
motor vehicle accident 1900 cockrell hill rd en52 520111 2338,S
accident 635 e skillman hella traffic,S
also worth noting dont wait people get accidents start asking accept responsibility mandate buy insurance exposing someone else serious health risks something private choice later penalized,N
feel like excited going watch car accident finally get watch car accident sad someone injured titovschuck3,N
motor vehicle accident melody ln retail commons blvd en37 370043 2318,S
motor vehicle accident w 12th st edgefield ave en14 140016 2318,S
accident hov lane getting dallas 635 lbj fwy eb skillman st stop go traffic back forest ln delay 3 mins,S
motor vehicle accident l b j fwy eb abrams rd en28 570118 2258,S
dallaspd husband involved hit run i30 sideswiped called nonemergency number said go file report since left scene accident report link broken please advise,N
motor vehicle accident walnut hill ln skillman st en28 570010 2238,S
motor vehicle accident n masters dr elam rd en51 510176 2238,S
rollover accident denton county,N
southwest supervisor responding 7x major accident w jefferson blvd westmoreland rd beat 441 2221,S
teeth part body accident history dentistry isnt part standard specialties western medicine,N
motor vehicle accident skillman st walnut hill ln en57 570010 2218,S
two weeks smashbrosultimate comes game released accident mexico pictwittercomvetxk4dea2,N
motor vehicle accident central expy e illinois ave en06 380050 2208,S
motor vehicle accident w jefferson blvd westmoreland rd en26 260036 2208,S
liked youtube video coeur dalene truck accident lawyer 2083333333 litster frost injury lawyers,N
motor vehicle accident medical district dr southwestern medical ave en47 010032 2158,S
motor vehicle accident 2nd ave bruton rd en24 340122 2158,S
motor vehicle accident w davis st n walton walker blvd sb en50 500340 2158,S
northwest supervisor responding 7x major accident 11100 blk harry hines blvd beat 534 2138,S
central division responding 07 minor accident belmont ave greenville ave beat 142 2134,S
damn really think sold nike tech fleece jacket platos closet accident,N
liangeloball unblock insta think blocked accident,N
dont trust people animated meme profile pictures ill feel like someone looking peephole interacting social media trolls look like auto accidents halloween still show ya face dont mention yallcreepyaf,N
motor vehicle accident harry hines blvd southwell rd en43 300058 2118,S
motor vehicle accident regal row n stemmons fwy nb en42 470164 2108,S
motor vehicle accident oak lawn ave n stemmons serv sb en01 110001 2058,S
motor vehicle accident frankford rd pres george bush serv nb en10 100162 2048,S
motor vehicle accident dallas ft worth tpke eb sylvan ave en45 450011 2048,S
accident right lane blocked dallas 30 wb 80 dfwtraffic,S
central division responding 7x major accident n central ramp sb bryan st beat 132 2035,S
accident right lane blocked irving 183 eb regal row stop go traffic back grauwyler rd delay 2 mins dfwtraffic,S
motor vehicle accident n central ramp sb bryan st en18 060045 2038,S
motor vehicle accident andrews st poinsettia dr en52 520104 2038,S
accident two left lanes blocked dallas 635 lbj fwy wb preston rd stop go traffic back hillcrest rd delay 2 mins,S
accident two left lanes blocked dallas 635 lbj fwy wb preston rd stop go traffic back hillcrest rd delay 1 min,S
accident two right lanes blocked irving 183 eb regal row stop go traffic back grauwyler rd delay 2 mins dfwtraffic,S
motor vehicle accident 2600 elsie faye heggins st en24 240049 2018,S
central division responding 7x major accident n lamar st corbin st beat 131 2012,S
motor vehicle accident r l thornton fwy sb w kiest blvd en33 460348 2008,S
motor vehicle accident singleton blvd bernal dr en16 160092 2008,S
motor vehicle accident e r l thornton fwy wb n jim miller rd en53 320104 2008,S
almost got accident reading,N
motor vehicle accident 800 deerwood dr en46 460293 1948,S
accident right lane blocked arlington 360 sb mayfield rd delay 3 mins dfwtraffic,S
accident affecting exit ramp dallas hwy 67 sb i20 dfwtraffic,S
accident two left lanes blocked dallas 635 lbj fwy wb preston rd stop go traffic back 75 central expwy delay 4 mins,S
motor vehicle accident n central expy nb caruth ln en37 370031 1928,S
probably better related note made mistake taking 635 35 instead 75 george bush go home accident course hatred tolls vs hatred stuck traffic never know going win given day,N
accident two left express lanes blocked dallas 635 lbj fwy wb blvd dfwtraffic,S
could accident im still tryin thats could say,N
kodak literally funny accident bro,N
motor vehicle accident 2500 r l thornton fwy nb en33 330046 1908,S
motor vehicle accident l b j texpress wb coit rd en22 220044 1858,S
motor vehicle accident 9500 sophora dr du re272 120468 1858,S
accident right lane blocked arlington 360 sb mayfield rd stop go traffic back pioneer pkwy delay 3 mins dfwtraffic,S
accident two right lanes blocked dallas 35e nb marsalis ave stop go traffic back illinois ave delay 6 mins,S
central division responding 7x major accident ross ave n henderson ave beat 144 1836,S
lyft driver cant drive well almost got two accidents jeeze,N
accident two right lanes blocked irving 183 eb regal row stop go traffic back spur 482 delay 4 mins dfwtraffic,S
accident right lane blocked irving 183 eb regal row stop go traffic back spur 482 delay 4 mins dfwtraffic,S
motor vehicle accident l b j ramp wb marvin love fwy sb en40 400378 1828,S
motor vehicle accident ross ave n henderson ave en08 080017 1828,S
north central supervisor responding 7x major accident l b j fwy wb preston rd beat 641 1803,S
motor vehicle accident cliffbrook dr meadowcreek dr en56 560024 1818,S
motor vehicle accident john w carpenter fwy sb w mockingbird ln en42 470049 1818,S
accident two right lanes blocked mesquite 635 lbj fwy nb scyene rd stop go traffic back lk june rd delay 7 mins,S
accident two right lanes getting dallas 635 lbj fwy wb preston rd stopped traffic back 75 central expwy,S
closed due accident dallas 635 lbj fwy wb hillcrest rd preston rd stopped traffic back 75 central expwy,S
closed due accident dallas 635 lbj fwy wb hillcrest rd preston rd dfwtraffic,S
accident two right lanes blocked mesquite 635 lbj fwy nb scyene rd stop go traffic back bruton rd delay 4 mins,S
motor vehicle accident l b j fwy wb preston rd en56 200036 1758,S
motor vehicle accident 5900 l b j fwy wb en22 200036 1748,S
motor vehicle accident garland rd n buckner blvd en31 310037 1718,S
motor vehicle accident 52nd st corrigan ave en25 250369 1708,S
le rle de la galectine3 dans les accidents vasculaires crbraux et les maladies du systme crbrovasculaire les taux de galectine3 sont plus levs chez les animaux dans les 60 96 heures suivant une ischmie crbrale focale 1617 bien que,N
central division responding 7x major accident 1800 blk corsicana st beat 135 1649,S
central supervisor responding 7x major accident 1800 blk corsicana st beat 135 1649,S
accident right lane blocked dallas 35e sb regal row stop go traffic back nw hwy delay 6 mins dfwtraffic,S
accident right lane blocked dallas 35e sb regal row dfwtraffic,S
silly also shooting foot accident 2a rally joseph,N
liked youtube video ruthies car accident inspirational christian motivational speech,N
accident cedarhill hwy 67 sb joe wilson rd stop go traffic back main st delay 4 mins dfwtraffic,S
motor vehicle accident 1000 r l thornton fwy nb en33 330072 1628,S
northeast supervisor responding 7x major accident n central serv nb walnut hill ln beat 211 1622,S
motor vehicle accident n central serv nb walnut hill ln en37 370080 1618,S
got car accident nd dad really wan na calling lazy going party,N
accident affecting entrance ramp dallas 30 wb st francis ave dfwtraffic,S
accident right lane blocked irving 114 eb spur 482 stop go traffic back lp 12 walton walker delay 1 min dfwtraffic,S
accident affecting exit ramp irving 114 eb spur 482 dfwtraffic,S
accident right lane blocked irving 114 eb spur 482 dfwtraffic,S
accident left lane blocked grandprairie 30 eb great sw pkwy stop go traffic back 360 delay 3 mins dfwtraffic,S
accident right lane blocked dallas 30 wb ferguson rd stop go traffic back jim miller rd delay 4 mins dfwtraffic,S
motor vehicle accident alderson st e mockingbird ln en55 550017 1428,S
accident affecting entrance ramp dallas 30 wb ferguson rd dfwtraffic,S
accident right lane blocked dallas 30 wb ferguson rd dfwtraffic,S
first time working since accident im loving life,N
accidents de la route somnolents cabinet davocat divan diamond diffuse une lsion crbrale anoxique diffuse que ce soit parce quils ne dormaient pas suffisamment la nuit prcdente quils prenaient des mdicaments contre les allergies ou quils,N
motor vehicle accident e r l thornton fwy wb ferguson rd en32 190038 1418,S
motor vehicle accident n akard stwoodall rodgers fwy wb en18 180018 1408,S
motor vehicle accident dallas ft worth tpke eb stemmons fwy sb en45 180002 1408,S
dont sexual shit accident,N
accident two right lanes blocked dallas dallas n tollway sb oak lawn ave dfwtraffic,S
thats goal got ta find woman im gon na make wife first cant going reckless bird accident pictwittercomczkifpb9tj,N
girl bled bottoms public perceived nasty wouldnt waived way food stains accidents happen,N
motor vehicle accident polk st w red bird ln en49 490016 1328,S
motor vehicle accident dallas north tollway sb wycliff ave en01 110024 1318,S
motor vehicle accident 4500 hartford st en11 110031 1238,S
100000 worth term life bro beneficiary doesnt end dead accident something else miracle,N
much like areas crash reconstruction industry analysis crash events past antiquated need right technology come rescue 3d scanning technology brought crash reconstruction 21st century pictwittercom3fhybcvocw,N
accidents happen also many precautions take help prevent fire occurring home debrahmathisinsurance,N
tasted duck accident thinking turkey damn near died,N
motor vehicle accident military pkwy dolphin rd en44 190005 1058,S
motor vehicle accident walnut st abrams rd en29 290036 1048,S
meant accident nvm lol accidentally gettin chick pregnant still red flag lol feel,N
motor vehicle accident n stemmons serv nb medical district dr en47 010031 1008,S
motor vehicle accident e kiest blvd michigan ave en25 330017 1008,S
car accidents insurance company client,N
central division responding 07 minor accident n st paul st elm st beat 134 0946,S
baby wasnt accident gods,N
feel bad people died car accidents im dumb enough tell people stop driving,N
accidents firearms intent negligence accidents stonekettle,N
motor vehicle accident 800 n buckner blvd en31 310052 0908,S
liked youtube video stephen curry scary car crash accident,N
accident reported 35e nb 30 dfwtraffic,S
found archives bless someone today anytime felt like god making adjustments direction life nothing accident dallas utmsourceigtwittershareigshid1macxw2gvh46f,N
motor vehicle accident n stemmons fwy nb commerce st en04 180008 0828,S
motor vehicle accident zang blvd w 12th st en15 150006 0828,S
roswell au nouveaumexique cabinet davocats spcialis dans les blessures et linvalidit lorsque vous tes bless dans un accident ou au travail vous avez droit des soins mdicaux et une indemnisation notre quipe juridique exprimente protge,N
10 years long time someone without becoming wife dont agree marrying knowing way jail however lot yall shut tf bc secret forever meeting family friends accident,N
motor vehicle accident l b j serv wb greenville ave en28 280050 0738,S
central division responding 07 minor accident 3800 blk gaston ave beat 116 0727,S
1 million miles without accident carlnai pete 5 years service shop sergion stirk ncirocks people reason learn,N
motor vehicle accident w mockingbird ln halifax st en47 470030 0618,S
accident blocking three left lanes sdallas 35e nb beckley ave stop go traffic back clarendon delay 1 min dfwtraffic,S
accident right lane blocked dallas 175 wb lk june rd dfwtraffic,S
accident blocking three left lanes dallas 35e nb beckley ave dfwtraffic,S
motor vehicle accident 6400 c f hawn fwy wb en34 340076 0558,S
motor vehicle accident r l thornton fwy nb ewing ave en14 150013 0548,S
motor vehicle accident 9500 e r l thornton fwy wb en39 530073 0548,S
motor vehicle accident 8100 fireside dr en51 510117 0518,S
cougars marching band performs husky fight song rival bands absence following uw bus accident ngbandperformshuskyfightsongrivalbandsabsence1229655,N
motor vehicle accident l b j serv wb bonnie view rd en54 540422 0408 c,S
central division responding 7xf major accident freeway e r l thornton fwy wb lamar st beat 136 0343,S
motor vehicle accident e r l thornton fwy wb lamar st en03 180003 0348 c,S
motor vehicle accident 2400 walnut hill ln en43 470350 0328 c,S
motor vehicle accident n polk st w davis st en14 140030 0318 c,S
accident left lane blocked dallas 30 wb ervay st dfwtraffic,S
central division responding 7x major accident cedar springs rd carlisle st beat 122 0244,S
motor vehicle accident jellison blvd cedar ridge dr en12 120728 0248 c,S
motor vehicle accident cedar springs rd carlisle st en11 110003 0238 c,S
listen kaycee said accident,N
motor vehicle accident 4400 bessie dr en52 520111 0218 c,S
motor vehicle accident e r l thornton fwy wb ervay st en03 040021 0208 c,S
motor vehicle accident e r l thornton fwy wb r l thornton ramp nb en44 040022 0208 c,S
accident two left lanes blocked dallas 30 wb carroll ave dfwtraffic,S
take favorite agree completely homophobic transphobic around shitty smartass post hit like accident annagailgrant pictwittercom6ayezlycv0,N
motor vehicle accident e r l thornton fwy wb 1st ave en19 030008 0148 c,S
motor vehicle accident 3500 w wheatland rd en40 400348 0148 c,S
motor vehicle accident l b j fwy wb n stemmons fwy nb en30 300180 0138 c,S
lets see alcohol related accidents,N
motor vehicle accident lombardy ln finnell st en43 430060 0038 c,S
yall ever like someones conversation accident hopin dont get notification lol,N
motor vehicle accident ann arbor ave marsalis ave en25 250351 0028 c,S
motor vehicle accident 2800 w kiest blvd en49 490097 0028 c,S
central division responding 07 minor accident 1000 blk commerce st beat 133 0018,S
motor vehicle accident 8700 canyon dr en42 420088 0018 c,S
roothelps accident 3 weeks ago car sitting body shop since trying get status via emails response phone calls picked frustrating please help claim 9jmk3jtx,N
accident two right lanes blocked dallas 35e nb mockingbird ln stop go traffic back 183 delay 1 min dfwtraffic,S
motor vehicle accident n stemmons fwy nb w mockingbird ln en47 470066 2358 c,S
motor vehicle accident 36003600 sylvan ave en45 010006 2358 c,S
miss spellings certain words capitalized timestamps things potuss tweets done accident purposely done pay attention decode hidden messages also pay attention incorrect use words example instead,N
motor vehicle accident rosemeade pkwy pres george bush serv wb en10 100291 2248 c,S
central division responding 07 minor accident 2800 blk n central serv nb beat 143 2240,S
motor vehicle accident keller springs rd dallas north tollway nb en10 070055 2228 c,S
motor vehicle accident 900 bluewood dr en46 460293 2218 c,S
motor vehicle accident l b j serv wb noel rd en20 200033 2218 c,S
central division responding 7x major accident skillman st goliad ave beat 142 2206,S
im sorry still nightmares accident dont good tips sorry,N
southwest supervisor responding 7x major accident w red bird ln westmoreland rd beat 452 2146,S
motor vehicle accident skillman st goliad ave en17 170014 2158 c,S
motor vehicle accident n stemmons fwy sb royal ln en02 300121 2138 c,S
yet midst much crap theres serious bus accident uw band unable attend annual rivalry game wsu,N
motor vehicle accident edd rd sultana st en09 090792 2058 c,S
central division responding 7x major accident n fitzhugh ave monarch st beat 146 2037,S
motor vehicle accident n fitzhugh ave monarch st en08 080016 2038 c,S
motor vehicle accident l b j serv eb markville dr en22 280049 2038 c,S
northeast supervisor responding 7x major accident 9300 blk forest ln beat 252 2010,S
motor vehicle accident harry hines blvd regal row en47 210003 2008 c,S
northwest supervisor responding 7x major accident lombardy ln brockbank dr beat 535 1956,S
motor vehicle accident 3100 stag rd en25 380003 2008 c,S
also make sure cranes parked main roads reflectors traffic signs placed divert traffic night time one colleague met terrible accident crane parked night time without reflectors isb fighting life,N
another tragic boating accident oops phpstor yfbid2918831984809147id100000471219355,N
im amazed claim science proves global warming xx xy chromosomes dont determine gender claim proof god looking order universe claiming accident,N
motor vehicle accident lombardy ln brockbank dr en35 430064 1958 c,S
motor vehicle accident 9300 forest ln en28 570118 1948 c,S
accident right lane blocked mesquite 635 lbj fwy sb gross rd stop go traffic back hwy 80 delay 2 mins dfwtraffic,S
accident blocks two right lanes mesquite 635 lbj fwy sb gross rd stop go traffic back hwy 80 delay 2 mins dfwtraffic,S
motor vehicle accident clark rd clarkridge dr du re271 120750 1938 c,S
car accident 2011 know fact dead woke right hand wrapped head shaved windshield glass cuts internal bleeding ivs everywhere eyes tears told would never walk play god said differently pictwittercomouip4deyyg,N
motor vehicle accident garland rd e northwest hwy en39 480042 1928 c,S
1 accident 2 mvp finals im good,N
accident cleared dallas 35e sb woodall rogers frwy stop go traffic back oak lawn ave delay 4 mins dfwtraffic,S
accident right lane blocked dallas 35e sb woodall rogers frwy stop go traffic back oak lawn ave delay 4 mins,S
central division responding 7x major accident 2700 blk commerce st beat 153 1904,S
accident blocks two right lanes garland 635 lbj fwy nb la prada dr stop go traffic back oates dr delay 2 mins,S
5864 teen drivers ages 1520 involved fatal car accident young drivers 15 20yearsold accounted 64 132 million total drivers road average nine teens ages 1619 killed every day motor vehicle injuries,N
accident stumbled one favorite christmasclassics fed astaire santaclausiscomingtotown woohoo never noticed opening reading santas mail maybe wasnt utmsourceigtwittershareigshidsuhtxm49eype,N
5864 teen drivers ages 1520 involved fatal car accident young drivers 15 20yearsold accounted 64 132 million total drivers road average nine teens ages 1619 killed every day maybe ban teens driving,N
central division responding 7x major accident greenville ave mccommas blvd beat 142 1856,S
motor vehicle accident c f hawn fwy wbs buckner blvd en09 510157 1858 c,S
motor vehicle accident n stemmons fwy sb woodall rodgers fwy eb en01 180013 1858 c,S
motor vehicle accident 9700 forest ln en29 290003 1858 c,S
accident blocks two left lanes arlington 360 nb six flags dr stopped traffic back park row dr delay 20 mins dfwtraffic,S
accident cleared dallas 75 sb 635 lbj frwy stop go traffic back belt line rd delay 5 mins dfwtraffic,S
motor vehicle accident greenville ave mccommas blvd en08 170040 1838 c,S
accident cleared dallas 75 sb caruth ln stop go traffic back walnut hl ln delay 4 mins dfwtraffic,S
accident blocks two right lanes arlington 360 nb six flags dr stopped traffic back park row dr delay 20 mins dfwtraffic,S
accident right lane blocked dallas 75 sb caruth ln stop go traffic back walnut hl ln delay 4 mins dfwtraffic,S
motor vehicle accident seagoville rd ranch rd en09 090893 1828 c,S
motor vehicle accident abrams rd l b j serv eb en57 570118 1828 c,S
accident blocks two right lanes arlington 360 nb six flags dr stopped traffic back abram st delay 14 mins dfwtraffic,S
motor vehicle accident st augustine dr fireside dr en34 510122 1818 c,S
accident right lane blocked dallas 35e nb lp 12 walton walker stop go traffic back harry hines delay 5 mins,S
accident left lane getting dallas 75 sb 635 lbj frwy stopped traffic back belt line rd delay 13 mins,S
motor vehicle accident c f hawn fwy eb st augustine dr en34 510130 1808 c,S
motor vehicle accident 100 dallas ft worth tpke eb en45 040016 1808 c,S
help ugly people get ass thrown accident,N
motor vehicle accident audelia rd walnut hill ln en57 570014 1758 c,S
accident left lane getting dallas 75 sb 635 lbj frwy stopped traffic back spg vly rd delay 12 mins,S
motor vehicle accident 1080010800 n stemmons fwy nb en43 470349 1748 c,S
motor vehicle accident 12800 n central expy sb en22 220045 1748 c,S
accident lmao,N
accident blocks two right lanes dallas 35e nb lp 12 walton walker stop go traffic back harry hines delay 5 mins,S
motor vehicle accident r l thornton fwy nb w 12th st en33 150006 1738 c,S
central division responding 7ce city equipment accident ross ave bennett ave beat 146 1707,S
liked youtube video godfrey black accident 11,N
central division responding 07 minor accident 3100 blk oak lawn ave beat 124 1700,S
accident right lane blocked dallas 30 eb ferguson rd stop go traffic back dolphin rd delay 3 mins dfwtraffic,S
accident blocks two left lanes dallas 30 eb ferguson rd stop go traffic back dolphin rd delay 3 mins dfwtraffic,S
motor vehicle accident abrams rd meadowknoll dr en57 570100 1648 c,S
motor vehicle accident n westmoreland rd bickers st en36 360032 1638 c,S
motor vehicle accident 8000 walnut hill ln en37 370080 1638 c,S
accident cleared dallas dallas n tollway sb westgrove dr stop go traffic back frankford rd delay 4 mins dfwtraffic,S
drunkdriving major problem across country drunk drivers drunk driving accident victims lawyer appropriately represent victims tragedies,N
motor vehicle accident webb chapel ext harry hines blvd en43 430016 1628 c,S
kinda similar mccains accident hope serious,N
motor vehicle accident 1700 n jim miller rd en34 340101 1608 c,S
motor vehicle accident marsh ln w northwest hwy en35 210021 1558 c,S
got pixie cut accident today,N
nba warriors curry hurt multicar accident sports nba com november 23 2018 0342pm,N
motor vehicle accident 7900 great trinity forest way en51 340022 1548 c,S
think took acid accident definitely tripping,N
motor vehicle accident hampton rd perryton dr en33 330029 1538 c,S
motor vehicle accident cockrell hill rd w jefferson blvd ch en99 520119 1538 c,S
accident left lane blocked dallas dallas n tollway sb westgrove dr stop go traffic back frankford rd delay 4 mins,S
motor vehicle accident dallas north tollway sb keller springs rd en10 070055 1518 c,S
accident left lane blocked dallas dallas n tollway sb westgrove dr stop go traffic back trinity mills rd delay 2 mins,S
motor vehicle accident 8000 great trinity forest way en51 340022 1508 c,S
liked youtube video hulk hoganrichard belzer mr infamous accident live tv 1984,N
accident cleared downtowndallas 30 eb lamar st stop go traffic back beckley ave delay 7 mins dfwtraffic,S
accident right lane blocked downtowndallas 30 eb lamar st stop go traffic back beckley ave delay 7 mins dfwtraffic,S
theres definitely happens purpose like see intent 70 time accident someone making form tackle,N
motor vehicle accident 5900 l b j fwy wb en22 200036 1438 c,S
accident right lane blocked downtowndallas 30 eb lamar st stop go traffic back riverfront blvd delay 3 mins,S
accident cleared lancaster 35e nb wintergreen rd stop go traffic back pleasant run rd delay 3 mins dfwtraffic,S
accident blocks two right lanes dallas 635 lbj fwy wb hillcrest rd stop go traffic back 75 central expwy delay 4 mins,S
sooo many car accidents going around time year yall please travel safe,N
accident cleared dallas 35e nb hi line dr stop go traffic back 30 delay 6 mins dfwtraffic,S
accident blocks two right lanes lancaster 35e nb wintergreen rd stop go traffic back pleasant run rd delay 3 mins,S
motor vehicle accident l b j fwy wb preston rd en22 200036 1408 c,S
motor vehicle accident e r l thornton fwy eb griffin st en45 040019 1408 c,S
accident right lane blocked dallas 35e nb hi line dr stop go traffic back 30 delay 6 mins dfwtraffic,S
central division responding 07 minor accident clark st thomas ave beat 121 1354,S
steph curry reportedly ok car accident,N
motor vehicle accident cesar chavez blvd e r l thornton fwy eb en03 040022 1348 c,S
central division responding 07 minor accident 2400 blk n haskell ave beat 155 1343,S
accident cleared bedford 121 sb mid cities stop go traffic back glade rd delay 2 mins dfwtraffic,S
accident blocks two right lanes dallas 35e nb hi line dr stop go traffic back 30 delay 6 mins dfwtraffic,S
motor vehicle accident r l thornton fwy sb marsalis ave en14 150013 1338 c,S
aww cassondria saw car like mine accident cooper called make sure wasnt,N
motor vehicle accident buckner blvd jacobie blvd en34 340057 1328 c,S
motor vehicle accident r l thornton fwy sb marsalis ave en14 150013 1328 c,S
motor vehicle accident 7400 l b j fwy eb en20 220042 1318 c,S
accident blocks two right lanes dallas 35e nb hi line dr stop go traffic back woodall rogers frwy delay 3 mins,S
accident right lane getting bedford 121 sb mid cities stopped traffic back glade rd delay 6 mins,S
motor vehicle accident 400 n stemmons fwy nb en04 180013 1308 c,S
motor vehicle accident n buckner blvd garland rd en31 310037 1308 c,S
central division responding 7x major accident n field st elm st beat 133 1255,S
accident cleared irving bush tnpke nb belt line rd dfwtraffic,S
accident left lane blocked bedford 121 sb mid cities stop go traffic back glade rd delay 2 mins dfwtraffic,S
accident left lane blocked bedford 121 sb mid cities dfwtraffic,S
motor vehicle accident sylvan ave singleton blvd en45 450033 1228 c,S
accident right lane blocked irving bush tnpke nb belt line rd dfwtraffic,S
motor vehicle accident n buckner blvd e northwest hwy en48 480020 1218 c,S
motor vehicle accident restland rd greenville ave en22 290035 1218 c,S
central division responding 7x major accident st paul st ervay st beat 152 1211,S
accident mesquite hwy 80 wb galloway ave stop go traffic back belt line rd delay 3 mins dfwtraffic,S
motor vehicle accident 8200 n central expy nb en37 370040 1208 c,S
motor vehicle accident st paul st ervay st en04 040021 1158 c,S
central division responding 07 minor accident hickory st chestnut st beat 152 1147,S
central division responding 07 minor accident west shore dr gaston ave beat 112 1116,S
former baritone ttugoinband thoughts prayers go saxophones baritones rest huskyband guys continue regroup recover tragic accident hope speedy recovery,N
snapchat xfoxygirl accidental creampie milking tits romantic sex mother porn interracial compilation granny porn quick orgasm virgin fuck lesbians making nazi porn haley paige japanese big tits anal accident,N
construction accidents probably common think fact yearly average amount around 300000 injuries pictwittercomaydego8omc,N
northeast supervisor responding 7x major accident 9900 blk whitehurst dr beat 242 0945,S
motor vehicle accident n stemmons serv nb walnut hill ln en43 470350 1018 c,S
18wheeler accidents catastrophic,N
types accidents occur youre highway,N
thoughts amazing youre okay glad people vehicle fair kind dash cam footage might consider sharing stillsvideo help us know look avoid type terrifying accident,N
motor vehicle accident 8800 fair oaks xing en57 570084 0948 c,S
got make sure car parked alright definitely get accident kill someone apparently called someone talked 5 mins idea talked,N
accident cleared dallas 35e sb illinois ave dfwtraffic,S
accident blocking two right lanes dallas 35e sb illinois ave dfwtraffic,S
accident i35e sb illinois ave 2 right lanes blocked dfwtraffic nbcdfw pictwittercomxt1w245qg1,S
accident letting left lane get dallas 35e sb illinois ave dfwtraffic,S
accident reported dallas 35e sb illinois ave dfwtraffic,S
motor vehicle accident 2500 r l thornton fwy sb en14 330035 0808 c,S
autonomous cars prevent workplace accidents read transportation workplacesafety pictwittercomcxzzznnah0,N
problmes neurologiques dun accident de voiture radiografia dorsolumbar le fait de subir une blessure la tte dans un accident de voiture est un phnomne assez courant en rsum dans un article sur un site dinformation,N
accident blocking two left lanes dallas lp 12 sb keeneland pky dfwtraffic,S
accident loop 12 sb keeneland pky dfwtraffic nbcdfw pictwittercompaybrb3gpg,S
accident blocking two right lanes dallas lp 12 sb keeneland pky dfwtraffic,S
motor vehicle accident walton walker blvd sb keeneland pkwy en50 500253 0458 b,S
motor vehicle accident skillman st royal ln en57 570051 0418 b,S
central division responding 7x major accident pearl expy commerce st beat 134 0411,S
motor vehicle accident pearl expy commerce st en03 030004 0408 b,S
omg distortedd black friday sale ones lost car accident 2 years ago hell yesssss,N
accident two right lanes blocked dallas spur 408 sb lp 12 walton walker dfwtraffic,S
motor vehicle accident walton walker blvd w kiest blvd en49 520058 0338 b,S
pattern accident liberal 9th district also infected tds,N
motor vehicle accident spur 408 sb w kiest blvd en50 500068 0328 b,S
central division responding 7x major accident hallsville st clark st beat 121 0316,S
motor vehicle accident hallsville st clark st en18 180028 0308 b,S
motor vehicle accident n stemmons fwy nb w mockingbird ln en47 470066 0308 b,S
motor vehicle accident josey ln forest ln en30 300183 0248 b,S
motor vehicle accident 30003000 c f hawn fwy wb en34 240035 0238 b,S
motor vehicle accident coit rd l b j fwy wb en22 220044 0228 b,S
motor vehicle accident 8700 e r l thornton serv wb en53 530039 0228 b,S
looked trey account came assumed thought unfollowed accident apparently account suspended lol fam,N
motor vehicle accident harry hines blvd walnut hill ln en43 430099 0148 b,S
motor vehicle accident 731700 belt line rd en09 090895 0138 b,S
central division responding 07 minor accident n malcolm x blvd main st beat 153 0116,S
motor vehicle accident l b j serv eb coit rd en22 220044 0058 b,S
motor vehicle accident harry hines blvd lombardy ln en43 430062 0008 b,S
motor vehicle accident 7200 gaston ave en19 190062 2348 b,S
central division responding 7x major accident 7200 blk gaston ave beat 112 2343,S
motor vehicle accident marsalis ave winters st en15 150003 2328 b,S
thasa big one dont push accident bois pictwittercom31o0luoedk,N
motor vehicle accident n jim miller rd seco blvd en34 340089 2218 b,S
bro typed accident didnt mean tweet,N
accident two right lanes blocked dallas 20 wb haymarket rd stop go traffic back hwy 175 delay 1 min dfwtraffic,S
motor vehicle accident 41600 l b j fwy wb du re271 120768 2148 b,S
motor vehicle accident l b j fwy wb st augustine dr en09 510071 2138 b,S
crazy car accident drunk driver one phone away taking lives seriously hurt something interact daily basis people dgaf,N
went black friday shopping accident even thanksgiving dinner im embarrassed,N
accident two left lanes blocked arlington 360 nb abram st stop go traffic back park row dr delay 2 mins dfwtraffic,S
accident right lane blocked mesquite 635 lbj fwy nb gross rd stop go traffic back military pky delay 3 mins,S
accident right lane blocked mesquite 635 lbj fwy nb scyene rd dfwtraffic,S
shit accident,N
motor vehicle accident elm st n lamar st en18 180009 2028 b,S
central division responding 7x major accident elm st n lamar st beat 131 2025,S
car accident,N
motor vehicle accident 3100 seevers ave en33 330016 2018 b,S
motor vehicle accident shiloh rd e northwest hwy en39 391066 2018 b,S
every year team dont think championship level wins though im realist damnit want playoff run get close maybe pull together season goes accident way,N
motor vehicle accident 8600 n central serv sb en37 370049 2008 b,S
accident blocks two right lanes dallas 20 wb houston school rd stop go traffic back lancaster rd delay 4 mins,S
motor vehicle accident l b j fwy wb greenville ave en29 280050 1948 b,S
complete speculation dude dont know wrs would perform elsewhere guess say dont post back back winning records qb nfl accident mention first two years career give time better oc,N
hurst major accident nb ne loop 820 pipeline road reporting major damage 2nd medic dispatched canceled pictwittercomgzr8mwqq9q,S
motor vehicle accident 200 short blvd en46 330001 1938 b,S
working hard everyday even thanksgiving thanks garlandfire lending us ladder forensics officer katie tucker could get aerial photo accident scene please sure drive safely pictwittercomwqubltf6gr,N
accident left lane blocked northdallas 635 lbj fwy wb marsh ln dfwtraffic,S
motor vehicle accident l b j fwy wb joe ratcliff walk en02 300202 1908 b,S
technically someone twins least one accident,N
central division responding 7x major accident 100 blk mckinney st beat 1851,S
accident right lane blocked dallas 35e nb hi line dr stop go traffic back continental ave delay 2 mins dfwtraffic,S
many car accidents happen per day also due road rage ban cars,N
motor vehicle accident n stemmons fwy nb hi line dr en04 010017 1848 b,S
accident cleared downtowndallas 30 wb 35e stop go traffic back 75 central expy delay 6 mins dfwtraffic,S
accident blocks left lane ramp southbound downtowndallas 30 wb 35e stop go traffic back 75 central expy,S
accident blocks left lane exit downtowndallas 30 wb 35e stop go traffic back 75 central expy delay 6 mins,S
accident left lane blocked downtowndallas 30 wb 35e stop go traffic back 75 central expy delay 6 mins dfwtraffic,S
accident downtowndallas 30 wb 35e stop go traffic back 75 central expy delay 6 mins dfwtraffic,S
motor vehicle accident l b j acrd wb royal ramp wb en57 570053 1828 b,S
motor vehicle accident lake june rd n prairie creek rd en05 050024 1808 b,S
accident cleared arlington 30 eb eastchase pky stop go traffic back cooks ln delay 3 mins dfwtraffic,S
motor vehicle accident 4900 buckner blvd en32 320095 1758 b,S
accident right lane open arlington 30 eb eastchase pky stopped traffic back cooks ln delay 7 mins dfwtraffic,S
hope fam great thanksgiving yall careful boy johny seen crazy accident yea love everyone yall even dont speak much got ta got ta make,N
accident left lane blocked bedford 183 eb bedford rd stop go traffic back hurstview delay 4 mins dfwtraffic,S
motor vehicle accident flameleaf pl clark rd du re272 120470 1738 b,S
often people meet accident end becoming important people life,N
naaah actually cut dishes grabbed food processor blade accident,N
accident right lane open arlington 30 eb eastchase pky stop go traffic back cooks ln delay 3 mins,S
maybe dentoncosheriff patrolling instead writing ticket santa display back suv might happened god bless family accident hopefully resources dentoncounty used better uses going forward,N
motor vehicle accident 2200 fordham rd en38 250381 1658 b,S
many things thankful today thankful life children family people came life accident stayed purpose happy thanksgiving everyone pictwittercomywczwu3vwn,N
god thank protecting thru accident today,N
remember getting cervix checked first pregnancy doc went way nail went glove scratched insides accident,N
central division responding 07 minor accident 500 blk ervay st beat 135 1627,S
motor vehicle accident marvin love fwy nb l b j ramp wb en40 400378 1618 b,S
central division responding 07 minor accident n fitzhugh ave capitol ave beat 143 1602,S
czechreality strip club porn anal accident backroom casting couch fantasy massage nubile priya rai bulgaria pictwittercom6heeqvofqv,N
motor vehicle accident e illinois ave alabama ave en33 330048 1558 b,S
accident blocks two left lanes dallas 75 sb lemmon stop go traffic back fitzhugh delay 2 mins dfwtraffic,S
motor vehicle accident bruton rd buckner blvd en05 050095 1548 b,S
central division responding 7xf major accident freeway 2200 blk n central expy sb beat 121 1537,S
motor vehicle accident 2200 n central expy sb en11 180031 1538 b,S
motor vehicle accident 14900 preston rd en07 070017 1528 b,S
saying thats white people shit front white people accident every time know probably think im racist,N
motor vehicle accident wadsworth dr great trinity forest way en38 380011 1508 b,S
motor vehicle accident central expy e illinois ave en24 380050 1508 b,S
soooo accident,N
im way aunts house ive already seen 2 car accidents yall please drive safe nothing worse losing loved ones holidays,N
motor vehicle accident 13800 hughes ln en20 200056 1458 b,S
accident left lane blocked irving lp 12 walton walker nb approaching grauwyler rd stop go traffic back union bower rd,S
accident right lane blocked arlington 20 eb 360 stop go traffic back new york ave delay 3 mins dfwtraffic,S
arlington major accident rollover eb ih 20 sh 360 reporting possible entrapment,S
motor vehicle accident woodall rodgers fwy eb n stemmons acrd sb en45 180013 1428 b,S
6 injured crash involving tre train tanker truck site fatal accident pictwittercom1tociyg9po,S
central division responding 07 minor accident ervay st cadiz st beat 135 1349,S
accident blocks left lane exit lane irving lp 12 walton walker nb approaching grauwyler rd stop,S
accident one center lane getting irving lp 12 walton walker nb approaching grauwyler rd stopp,S
accident irving lp 12 walton walker nb approaching grauwyler rd stop go traffic back union bower rd dfwtraffic,S
motor vehicle accident bonnie view rd l b j serv eb en25 540422 1318 b,S
motor vehicle accident 7500 lancaster rd en46 250300 1228 b,S
accident blocks two right lanes dallas 635 lbj fwy eb approaching 75 central expwy stop go traffic back hillcrest rd,S
motor vehicle accident 7600 l b j fwy eb en22 220042 1208 b,S
motor vehicle accident l b j fwy eb central ramp n en20 220045 1208 b,S
accident cleared dallas 35e nb near hi line dr stop go traffic back woodall rogers frwy delay 3 mins dfwtraffic,S
accident right shoulder arlington 20 wb approaching new york ave stop go traffic back 360 delay 3 mins dfwtraffic,S
motor vehicle accident n stemmons fwy nb hi line dr en04 010017 1158 b,S
accident moved right lane dallas 35e nb near hi line dr stop go traffic back woodall rogers frwy delay 3 mins,S
accident rightcenter lane gets dallas 35e nb near hi line dr stopped traffic back woodall rogers frwy delay 8 mins,S
accident leftcenter far right lanes blocked dallas 35e nb near hi line dr stop go traffic back woodall rogers frwy,S
dont meet people accident always reason lesson blessing fate godsplan,N
accident reported dallas 35e sb ann arbor ave stop go traffic back hwy 67 delay 4 mins dfwtraffic,S
central division responding 7x major accident 3800 blk turtle creek blvd beat 125 1126,S
motor vehicle accident 3800 turtle creek blvd en11 110035 1128 b,S
motor vehicle accident r l thornton fwy sb w ann arbor ave en33 330002 1128 b,S
accidents de la route accidents de la route jurisprudence springfield missouri 65801 hernia de disco lombaire tratamiento alors que vous et votre famille revenez la maison aprs un film vous sentez un succs inattendu sur votre vus vous comprenez,N
accidents sometimes blessings,N
central division responding 07 minor accident n washington ave munger ave beat 154 1013,S
car accidents triple dont see mad toyotahmmmhappy thanksgiving,N
motor vehicle accident n hampton rd leath st en36 360045 1008 b,S
motor vehicle accident 400 w elmore ave en33 330035 0958 b,S
accident cleared dallas 20 wb lancaster rd dfwtraffic,S
motor vehicle accident walton walker blvd exchange service dr en52 520032 0928 b,S
central division responding 07 minor accident n central expy nb n henderson ave beat 143 0920,S
work today insert complaints brace worst get work one part timers came accident said could work shift since shes already literally run store,N
accident blocks two left lanes dallas 20 wb lancaster rd dfwtraffic,S
seth rich ambassador stevens oh punk rich kid drove drunk caused accident tried leave scene,N
motor vehicle accident 35700 l b j fwy wb en54 250287 0828 b,S
motor vehicle accident skillman st walnut hill ln en57 570010 0808 b,S
since twilight anniversary yesterday profound twilight memory owning perfume smelled incredible took school left class accident someone stole pictwittercomgpmd7eueqg,N
accident left lane blocked dallas 635 lbj service rd wb marsh webb chapel rd dfwtraffic,S
jesus christ fix mountain bike accident front wheel came landed flat facei could curled corner hurt xqf4f9o91vymvfee8czeebgcum0utmsourceigtwittershareigshid11p6lvlfa7uu6,N
closed due accident dallas 635 lbj service rd wb marsh webb chapel rd dfwtraffic,S
accident left lane blocked dallas 635 lbj service rd wb marsh dfwtraffic,S
believe found essay writing service accident quote writingservice essaywritingservice pictwittercomtnpscojyij,N
carrollton accident nb 35e round grove getting causing congestion area iamup pictwittercomnsh5p56yoj,S
accident blocks exit ramp dallas 20 wb spur 408 dfwtraffic,S
accident blocks two right lanes exit ramp dallas 20 wb near spur 408 dfwtraffic,S
accident dallas 20 wb near spur 408 dfwtraffic,S
motor vehicle accident l b j fwy wb spur 408 du re271 120772 0508,S
motor vehicle accident l b j serv eb marsh ln en02 200009 0502,S
motor vehicle accident 1120011200 c f hawn fwy eb en09 090861 0438,S
central division responding 7xf major accident freeway n central expy nb n henderson ave beat 143 0410,S
accident exit ramp partially blocked dallas 75 nb fitzhugh dfwtraffic,S
accident exit ramp closed dallas 75 nb fitzhugh dfwtraffic,S
accident two right lanes blocked dallas 75 nb fitzhugh dfwtraffic,S
accident right lane blocked dallas spur 408 sb grady niblo rd dfwtraffic,S
accident left lane getting dallas 35e sb clarendon dfwtraffic,S
motor vehicle accident r l thornton fwy sb w illinois ave en15 330046 0358,S
motor vehicle accident gulden ln singleton blvd en45 450035 0358,S
motor vehicle accident 2300 glengariff dr en39 390717 0358,S
motor vehicle accident n central expy nb smu blvd en08 370008 0358,S
motor vehicle accident l b j fwy eb spur 408 nb du re271 120772 0348,S
motor vehicle accident w kiest blvd spur 408 nb en52 500068 0338,S
motor vehicle accident spur 408 nb l b j fwy eb du re271 120772 0338,S
north central supervisor responding 7x major accident timberglen rd lina st beat 612 0319,S
motor vehicle accident n stemmons fwy sb empire central en43 470089 0328,S
central division responding 7x major accident 800 blk lamar st beat 136 0324,S
central supervisor responding 7x major accident 800 blk lamar st beat 136 0324,S
motor vehicle accident timberglen rd lina st en13 100224 0328,S
motor vehicle accident 800 lamar st en04 180003 0328,S
accident left lane getting dallas hwy 67 sb i35 rl thornton dfwtraffic,S
motor vehicle accident n stemmons fwy sb walnut hill ln en30 470350 0258,S
motor vehicle accident r l thornton fwy sb w saner ave en33 330035 0258,S
motor vehicle accident r l thornton fwy sb marvin love fwy sb en33 330024 0248,S
motor vehicle accident audelia rd royal ln en57 570052 0218,S
motor vehicle accident n stemmons fwy nb john w carpenter fwy nb en01 470050 0158,S
6 injured crash involving tre train tanker truck site fatal accident pictwittercomzmgaozczb1,N
accident right lane blocked dallas 35e nb mockingbird ln dfwtraffic,S
southeast supervisor responding 7x major accident buttercup ln prairie oak dr beat 338 0129,S
motor vehicle accident 401500 clark rd en12 120670 0128,S
motor vehicle accident buttercup ln prairie oak dr en05 510161 0128,S
motor vehicle accident c f hawn fwy ebs prairie creek rd en09 510128 0108,S
central division responding 07 minor accident cole ave elizabeth st beat 125 0054,S
motor vehicle accident clark rdred mesa dr du re271 120641 0058,S
accident two left lanes blocked dallas 35e nb lp 12 walton walker dfwtraffic,S
accident two right lanes blocked dallas 35e nb lp 12 walton walker dfwtraffic,S
motor vehicle accident n stemmons fwy nb royal ln en30 300121 0038,S
accident three right lanes blocked arlington 20 eb collins st stop go traffic back matlock rd delay 4 mins,S
accident three right lanes blocked arlington 20 eb collins st dfwtraffic,S
central division responding 07 minor accident n market st elm st beat 131 0027,S
motor vehicle accident n stemmons fwy nb w northwest hwy en47 430046 0028,S
central division responding 7x major accident 700 blk pacific ave beat 115 0015,S
motor vehicle accident e r l thornton ramp sb stemmons fwy nb en04 180003 0008,S
accident two right lanes blocked dallas dallas n tollway sb mockingbird ln dfwtraffic,S
accident right lane blocked dallas bush tnpke wb frankford rd dfwtraffic,S
accident two left lanes blocked dallas dallas n tollway sb mockingbird ln dfwtraffic,S
accident right lane blocked dallas 75 nb mockingbird ln stop go traffic back mccommas boulevard delay 1 min,S
central division responding 7xf major accident freeway n central expy nb e mockingbird ln beat 125 2325,S
motor vehicle accident marsh ln high meadow dr en02 020047 2328,S
central division responding 7x major accident n st paul st woodall rodgers acrd wb beat 132 2319,S
motor vehicle accident n st paul st woodall rodgers acrd wb en18 180019 2318,S
accident right lane blocked dallas 75 nb mockingbird ln dfwtraffic,S
motor vehicle accident 700 pacific ave en03 030008 2308,S
motor vehicle accident n central expy nb e mockingbird ln en08 370004 2308,S
almost got million accidents today pretty fuckin lit,N
motor vehicle accident audelia rd skillman st en57 570086 2218,S
central division responding 7x major accident harwood st commerce st beat 134 2201,S
motor vehicle accident 200200 harwood st en04 180016 2158,S
speak probably die accident,N
beautiful accident,N
motor vehicle accident abrams rd walnut hill ln en28 280003 2118,S
please drive safely thanksgiving eve medstar busy responding accidents,N
motor vehicle accident churchill way coit rd en22 220036 2048,S
central division responding 07 minor accident elm st n good latimer expy beat 153 2018,S
motor vehicle accident preston rd l b j serv eb en20 200036 2018,S
motor vehicle accident lombardy ln webb chapel ext en43 430066 2018,S
central division responding 7x major accident 5400 blk anita st beat 141 2008,S
motor vehicle accident 8500 torreon st en34 340085 2008,S
motor vehicle accident 5400 anita st en17 170044 2008,S
motor vehicle accident c f hawn acrd n bruton rd en44 340122 2008,S
central division responding 07 minor accident n fitzhugh ave travis st beat 125 1947,S
found teamate duo carry best friend 3 years passed away freak accident im loss words im crying,N
accident dallas 635 lbj fwy eb dallas n tollway stop go traffic back marsh ln delay 7 mins dfwtraffic,S
motor vehicle accident e northwest hwy e lake highlands dr en48 480036 1938,S
motor vehicle accident 6300 greenville ave en55 370040 1938,S
southwest supervisor responding 7x major accident westmoreland rd falls dr beat 447 1929,S
motor vehicle accident l b j acrd wb dowdy ferry rd en09 510067 1938,S
northeast supervisor responding 7x major accident e northwest hwy e lake highlands dr beat 232 1933,S
motor vehicle accident westmoreland rd falls dr en26 260003 1928,S
motor vehicle accident l b j fwy eb dallas north tollway sb en02 200033 1928,S
motor vehicle accident pineland dr holly hill dr en37 370073 1928,S
6 injured crash involving tre train tanker truck site fatal accident pictwittercomgjcblkt8ai,S
motor vehicle accident 5800 scyene rd en44 320023 1918,S
motor vehicle accident 9600 l b j fwy eb en28 570085 1908,S
motor vehicle accident dallas pkwy briargrove ln en10 100142 1908,S
motor vehicle accident l b j fwy ebn central expy nb en20 220045 1858,S
motor vehicle accident 40004100 penelope st en44 440020 1858,S
accident cleared arlington 360 sb pioneer pkwy stop go traffic back 30 delay 11 mins dfwtraffic,S
motor vehicle accident 69406900 hunnicut rd en32 320077 1848,S
accident regret nothing,N
always accident right apartments,N
motor vehicle accident preston rd belt line rd en07 070017 1838,S
accident arlington 360 sb pioneer pkwy stopped traffic back 30 delay 32 mins dfwtraffic,S
motor vehicle accident 7600 n stemmons fwy sb en47 470066 1828,S
way accident nobody kettle,N
motor vehicle accident n stemmons fwy nb royal ln en43 300121 1818,S
motor vehicle accident 4000 penelope st en44 440020 1808,S
central division responding 7x major accident lemmon ave turtle creek blvd beat 125 1800,S
accident cleared rockwall 30 wb horizon rd stop go traffic back tx205 delay 7 mins dfwtraffic,S
motor vehicle accident lemmon ave turtle creek blvd en11 110019 1758,S
accident reported rockwall 30 wb horizon rd stop go traffic back tx205 delay 7 mins dfwtraffic,S
motor vehicle accident buckner blvd military pkwy en53 320044 1748,S
motor vehicle accident 14200 coit rd en56 560015 1738,S
banned playing nerf wars lmao shot sisters girlfriend eye accident swollen eye shes going club tonight,N
yikes im sorry hear phone understand accidents happen dont fix phone screens would like see options available please send us dm dominique serecipientid728674076,N
central division responding 07 minor accident 2000 blk elm st beat 134 1701,S
accident right lane blocked arlington 360 sb pioneer pkwy stop go traffic back park row dr delay 3 mins dfwtraffic,S
accident cleared fortworth 360 sb 183 stop go traffic back e midway dr delay 3 mins dfwtraffic,S
motor vehicle accident irving blvd inwood rd en47 470023 1658,S
central division responding 07 minor accident 5300 blk e mockingbird ln beat 141 1644,S
motor vehicle accident plano rd l b j fwy wb en57 570029 1648,S
accident cleared mesquite hwy 80 wb 635 lbj frwy stop go traffic back hwy 352 delay 11 mins dfwtraffic,S
central division responding 7x major accident young st akard st beat 133 1641,S
accident exit blocked dallas 45 nb overton rd dfwtraffic,S
accident cleared dallas 635 lbj fwy eb coit rd stop go traffic back preston rd delay 4 mins dfwtraffic,S
accident fortworth 360 sb 183 stop go traffic back e midway dr delay 3 mins dfwtraffic,S
accident cleared dallas 20 eb hwy 67 stop go traffic back e camp wisdom rd delay 3 mins dfwtraffic,S
accident cleared dallas 635 lbj fwy wb abrams rd stop go traffic back forest ln delay 1 min dfwtraffic,S
accident right lane blocked dallas 635 lbj fwy wb abrams rd stop go traffic back forest ln delay 1 min dfwtraffic,S
accident mesquite hwy 80 wb 635 lbj frwy stop go traffic back hwy 352 delay 11 mins dfwtraffic,S
motor vehicle accident e overton rd bonnie view rd en38 380059 1629,S
motor vehicle accident e northwest hwy shiloh rd en39 391066 1628,S
motor vehicle accident young st akard st en04 180010 1628,S
motor vehicle accident canada dr n westmoreland rd en36 360041 1628,S
accident left lane blocked dallas 635 lbj fwy eb coit rd stop go traffic back preston rd delay 4 mins dfwtraffic,S
accident right lane blocked dallas 635 lbj fwy eb coit rd stop go traffic back preston rd delay 4 mins dfwtraffic,S
accident cleared dallas 75 sb midpark rd stop go traffic back n collins blvd delay 9 mins dfwtraffic,S
accident cleared dallas dallas n tollway nb belt line rd stop go traffic back inwood rd delay 6 mins dfwtraffic,S
accident right lane blocked dallas 635 lbj fwy eb greenville ave stop go traffic back 75 central expwy delay 4 mins,S
accident dallas 635 lbj fwy eb greenville ave stop go traffic back 75 central expwy delay 4 mins dfwtraffic,S
motor vehicle accident l b j fwy eb greenville ave en29 280050 1609,S
motor vehicle accident jupiter rd mccree rd en48 480069 1608,S
motor vehicle accident 14001400 n stemmons fwy nb en18 010017 1608,S
accident left lane blocked dallas 20 eb hwy 67 stop go traffic back e camp wisdom rd delay 3 mins dfwtraffic,S
got car accident,N
accident cleared richardson 75 sb arapaho rd dfwtraffic,S
motor vehicle accident walton walker serv nb w illinois ave en50 500144 1558,S
motor vehicle accident accent dr midway rd en10 100139 1558,S
thanks levity 1mmo medical dwi accident things love matter love country behalf many angel parents police families celebrating holiday one missing due crime illegal hope reconsider position,N
accident two right lanes blocked richardson 75 sb arapaho rd dfwtraffic,S
motor vehicle accident 7600 l b j fwy eb en22 220042 1548,S
accident smh,N
accident three right lanes blocked dallas 75 sb midpark rd stopped traffic back n collins blvd delay 22 mins dfwtraffic,S
accident cleared dallas 75 sb smu blvd stop go traffic back walnut hl ln delay 7 mins dfwtraffic,S
motor vehicle accident hampton rd w kiest blvd en49 490099 1528,S
accident three left lanes blocked dallas 75 sb smu blvd stopped traffic back walnut hl ln delay 20 mins dfwtraffic,S
central division responding 7x major accident swiss ave cantegral st beat 154 1523,S
accident two left lanes blocked dallas 75 sb smu blvd stopped traffic back walnut hl ln delay 20 mins dfwtraffic,S
central division responding 7xf major accident freeway n central expy sb e mockingbird ln beat 125 1519,S
accident cleared irving bush tnpke sb gtwy dr stop go traffic back royal ln delay 2 mins dfwtraffic,S
accident left lane getting dallas 75 sb midpark rd stopped traffic back arapaho rd delay 17 mins,S
motor vehicle accident n central expy sb midpark rd en29 220074 1520,S
accident two left lanes blocked dallas 75 sb smu blvd stop go traffic back walnut hl ln delay 7 mins dfwtraffic,S
motor vehicle accident n central serv sb esperanza rd en22 220058 1518,S
accident left lane blocked dallas dallas n tollway nb belt line rd stop go traffic back inwood rd delay 6 mins,S
accident two left lanes blocked dallas 75 sb smu blvd stop go traffic back nw hwy delay 4 mins dfwtraffic,S
accident dallas 75 sb smu blvd stop go traffic back nw hwy delay 4 mins dfwtraffic,S
motor vehicle accident dallas north tollway nb spring valley rd en56 200064 1508,S
motor vehicle accident n central expy sbe mockingbird ln en30 370004 1508,S
accident left lane blocked dallas dallas n tollway nb belt line rd stop go traffic back 635 lbj frwy delay 5 mins,S
accident left lane blocked dallas dallas n tollway nb belt line rd stop go traffic back alpha rd delay 3 mins,S
motor vehicle accident 2200 hawes ave en42 420023 1458,S
accident left lane blocked irving bush tnpke sb gtwy dr stop go traffic back royal ln delay 2 mins dfwtraffic,S
motor vehicle accident 4600 river oaks rd en25 540574 1448,S
accident cleared dallas 635 lbj fwy eb jupiter rd stop go traffic back plano rd delay 4 mins dfwtraffic,S
accident cleared dallas 30 eb ferguson rd stop go traffic back dolphin rd delay 3 mins dfwtraffic,S
motor vehicle accident swiss ave cantegral st en03 030009 1438,S
accident irving bush tnpke sb gtwy dr stop go traffic back royal ln delay 2 mins dfwtraffic,S
accident left lane blocked dallas 635 lbj fwy eb jupiter rd stop go traffic back plano rd delay 4 mins dfwtraffic,S
ive friends 3 sisters entire life lost dad freak accident morning heart fucking breaking today shit year,N
motor vehicle accident lemmon ave n central serv sb en11 110013 1428,S
accident right lane blocked dallas 30 eb ferguson rd stop go traffic back dolphin rd delay 3 mins dfwtraffic,S
accident two left lanes blocked dallas 30 eb ferguson rd stop go traffic back dolphin rd delay 3 mins dfwtraffic,S
southwest supervisor responding 7x major accident cedar hill ave w colorado blvd beat 412 1337,S
motor vehicle accident e r l thornton fwy eb n jim miller rd en19 320104 1408,S
southwest supervisor responding 7x major accident 1100 blk hampton rd beat 444 1357,S
motor vehicle accident kirnwood dr cliff creek crossing dr en40 400364 1358,S
accident cleared dallas dallas n tollway sb mockingbird ln stop go traffic back lovers ln delay 3 mins dfwtraffic,S
accident cleared sdallas 35e sb beckley ave stop go traffic back ewing ave delay 2 mins dfwtraffic,S
accident right lane blocked dallas dallas n tollway sb mockingbird ln stop go traffic back lovers ln delay 3 mins,S
motor vehicle accident southwell rd shady trl en43 300058 1348,S
